{
  "it": [
    "hockey", "computer", "amici", "progetto", "pizza", "instagram",
    "telefono", "scuola", "libro", "mouse", "calcio", "sole",
    "film", "serie", "rete", "gioco", "codice", "notebook",
    "penna", "zaino", "neve", "canzone", "laboratorio", "app"
  ],
  "fr": [
    "hockey", "ordinateur", "amis", "projet", "pizza", "instagram",
    "portable", "école", "livre", "souris", "football", "soleil",
    "film", "série", "réseau", "jeu", "code", "cahier",
    "stylo", "sac", "neige", "chanson", "laboratoire", "application"
  ],
  "en": [
    "hockey", "computer", "friends", "project", "pizza", "instagram",
    "phone", "school", "book", "mouse", "football", "sun",
    "movie", "series", "network", "game", "code", "notebook",
    "pen", "backpack", "snow", "song", "laboratory", "app"
  ],
  "es": [
    "hockey", "computadora", "amigos", "proyecto", "pizza", "instagram",
    "telefono", "escuela", "libro", "ratón", "fútbol", "sol",
    "película", "serie", "red", "juego", "código", "cuaderno",
    "bolígrafo", "mochila", "nieve", "canción", "laboratorio", "app"
  ],
  "viteIniziali": 6
}
